"","IWF","IWD","SPY","IWP","IWS","MDY","IWO","IWN","IWM"
"IWF",1,0.844597249427882,0.962789587799339,0.94779083924247,0.827310231165381,0.848897761207516,0.858107019714234,0.741972700209291,0.822161682173922
"IWD",0.844597249427882,1,0.954718802074217,0.861737338922407,0.978458841164026,0.95485192049964,0.849973376347444,0.916047323241933,0.905325770764224
"SPY",0.962789587799339,0.954718802074217,1,0.930990051209966,0.927973828556284,0.925153548745783,0.873105059197455,0.846295114868954,0.882773305697912
"IWP",0.94779083924247,0.861737338922407,0.930990051209966,1,0.872572145503765,0.906088644555035,0.928443827592701,0.804949242967349,0.890502830901849
"IWS",0.827310231165381,0.978458841164026,0.927973828556284,0.872572145503765,1,0.979726433096034,0.872645034692138,0.945259671443705,0.930797811119499
"MDY",0.848897761207516,0.95485192049964,0.925153548745783,0.906088644555035,0.979726433096034,1,0.92549817807149,0.959012869930842,0.966469062135491
"IWO",0.858107019714234,0.849973376347444,0.873105059197455,0.928443827592701,0.872645034692138,0.92549817807149,1,0.89765711675432,0.97542019183268
"IWN",0.741972700209291,0.916047323241933,0.846295114868954,0.804949242967349,0.945259671443705,0.959012869930842,0.89765711675432,1,0.971779670392251
"IWM",0.822161682173922,0.905325770764224,0.882773305697912,0.890502830901849,0.930797811119499,0.966469062135491,0.97542019183268,0.971779670392251,1
