"","IWF","IWD","SPY","IWP","IWS","MDY","IWO","IWN","IWM"
"IWF",1,0.822581936101739,0.959468557850928,0.936374192273099,0.810774265258319,0.838028984079627,0.842527810881576,0.733193535661838,0.80945508549475
"IWD",0.822581936101739,1,0.945863964571063,0.856604477756977,0.976544483214329,0.953702811979766,0.838107714193853,0.913340538464394,0.897968228778565
"SPY",0.959468557850928,0.945863964571063,1,0.927056197360619,0.919518537828589,0.921318667077345,0.858145641780384,0.839823350141278,0.87194533123303
"IWP",0.936374192273099,0.856604477756977,0.927056197360619,1,0.876198130030312,0.915788173586626,0.939732354631737,0.824807649094545,0.905177088195406
"IWS",0.810774265258319,0.976544483214329,0.919518537828589,0.876198130030312,1,0.980307925930533,0.871903427462963,0.944277924925362,0.929866765497634
"MDY",0.838028984079627,0.953702811979766,0.921318667077345,0.915788173586626,0.980307925930533,1,0.92529975151341,0.956739722469231,0.964890140324425
"IWO",0.842527810881576,0.838107714193853,0.858145641780384,0.939732354631737,0.871903427462963,0.92529975151341,1,0.9062816896141,0.97655565429887
"IWN",0.733193535661838,0.913340538464394,0.839823350141278,0.824807649094545,0.944277924925362,0.956739722469231,0.9062816896141,1,0.975441837500222
"IWM",0.80945508549475,0.897968228778565,0.87194533123303,0.905177088195406,0.929866765497634,0.964890140324425,0.97655565429887,0.975441837500222,1
